{
  "urls": [
    "ch10.mp3",
    "ch10.ogg",
    "ch10.m4a"
  ],
  "sprite": {
    "silence": [
      0,
      1000,
      true
    ],
    "Chest": [
      1050,
      2355.2380952380954
    ],
    "Reveal": [
      4100.000000000001,
      1325.532879818594
    ]
  }
}