{
  "urls": [
    "ch4.mp3",
    "ch4.ogg",
    "ch4.m4a"
  ],
  "sprite": {
    "silence": [
      0,
      1000,
      true
    ],
    "NumberSelect_2": [
      1050,
      2841.201814058957
    ],
    "UI_Click": [
      4100,
      1299.9999999999998
    ],
    "WinScale_4": [
      6149.999999999999,
      3600.0000000000005
    ]
  }
}