{
  "urls": [
    "ch2.mp3",
    "ch2.ogg",
    "ch2.m4a"
  ],
  "sprite": {
    "silence": [
      0,
      1000,
      true
    ],
    "BetUp": [
      1050,
      2308.956916099773
    ],
    "BonusNoWin": [
      4100,
      2000
    ],
    "BuyButton": [
      6149.999999999999,
      3546.1678004535147
    ],
    "WinScale_2": [
      10200,
      3599.9999999999995
    ]
  }
}