{
  "urls": [
    "ch3.mp3",
    "ch3.ogg",
    "ch3.m4a"
  ],
  "sprite": {
    "silence": [
      0,
      1000,
      true
    ],
    "BetMax": [
      1050,
      2569.546485260771
    ],
    "LuckyNumberSelect_1": [
      4100,
      2056.8934240362814
    ],
    "NumberSelect_1": [
      7149.999999999999,
      2096.5759637188207
    ],
    "WinningNumberSelect": [
      10200,
      2426.122448979591
    ],
    "WinScale_3": [
      13249.999999999998,
      3761.5873015872994
    ]
  }
}