{
  "urls": [
    "ch5.mp3",
    "ch5.ogg",
    "ch5.m4a"
  ],
  "sprite": {
    "silence": [
      0,
      1000,
      true
    ],
    "LuckyNumberSelect_2": [
      1050,
      3232.0861678004535
    ],
    "NumberSelect_3": [
      5100,
      2430.0453514739233
    ],
    "WinScale_5": [
      8150,
      1599.9999999999995
    ]
  }
}