{
  "urls": [
    "ch6.mp3",
    "ch6.ogg",
    "ch6.m4a"
  ],
  "sprite": {
    "silence": [
      0,
      1000,
      true
    ],
    "LuckyNumberSelect_3": [
      1050,
      2698.2766439909296
    ],
    "NumberSelect_4": [
      4100,
      2500
    ],
    "WinScale_6": [
      7149.999999999999,
      1847.4603174603167
    ]
  }
}