{
  "urls": [
    "ch9.mp3",
    "ch9.ogg",
    "ch9.m4a"
  ],
  "sprite": {
    "silence": [
      0,
      1000,
      true
    ],
    "BonusActivated": [
      1050,
      4682.585034013606
    ],
    "CashoutToken": [
      6100,
      2019.5238095238092
    ],
    "InstantWin": [
      9149.999999999998,
      3720.2947845804993
    ]
  }
}